id,sex,age,chol, tg,ht,wt,sbp,dbp,vldl,hdl,ldl, bmi
id.2, M,60,137,50,68.25,111.75,110,70,10,53,74,2.399066
id.3, M,26,154,202,82.75,184.75,88,64,34,31,92,2.69804
id.4, M,33,198,108,64.25,147,120,80,22,34,132,3.560993
id.5, F,27,154,47,63.25,129,110,76,9,57,88,3.224547
